create database SistemaGestorAlmacen;
use SistemaGestorAlmacen;

create table usuarios (
	usuario varchar(20) PRIMARY KEY,
	contraseña VARCHAR(20)
);

create table categoria (
	id_categ int PRIMARY KEY,
    nombre_categ varchar(20),
    descrip_categ varchar(60)
);

create table productos (
	id_prod varchar(20) PRIMARY KEY,
	nombre varchar(20),
    marca varchar(20),
    descrip varchar(60),
    id_categ int,
    unid_medida varchar(20),
    stock_prod int,
    precio_prod decimal(10,2),
    activo tinyint(1),
    FOREIGN KEY (id_categ) references categoria(id_categ)
);

create table lote (
	id_lote varchar(20) PRIMARY KEY,
    cantidad_lote int,
    fecha_caducidad date,
    id_prod varchar(20),
    fecha_ingreso date,
    FOREIGN KEY (id_prod) references productos(id_prod)
);

insert into usuarios values
	('admin','metro123'),
   	('usuario1','clave123'),
   	('ola','123');
    
insert into categoria (id_categ, nombre_categ, descrip_categ) values
	(1, 'Refrigeración', 'Productos que se conservan a 0-4 °C'),
	(2, 'Almacén Seco', 'Mercancías de temperatura ambiente y baja humedad'),
	(3, 'Congelación', 'Alimentos que requieren -18 °C o menos'),
	(4, 'Otro', 'Categoría genérica sin requisitos especiales');
    
insert into productos (id_prod, nombre, marca, descrip, id_categ, unid_medida, stock_prod, precio_prod, activo) values
    ('PRD-001','Leche Entera','Gloria','Leche Entera enrique',1,'Lata',0,6.1,1),
    ('PRD-002','Arroz Integral','Costeño','Arroz Integral de gr',2,'Bolsa',0,5.0,1),
    ('PRD-003','Atún en Lata','Fanny','Atún en Lata de alta',2,'Lata',0,5.5,1),
    ('PRD-004','Aceite de Oliva','Carbonell','Aceite de Oliva extr',2,'Botella',0,23.0,1),
    ('PRD-005','Yogur Natural','Laive','Yogur Natural natura',1,'Botella',0,6.0,1),
    ('PRD-006','Harina de Trigo','Nicolini','Harina de Trigo de a',2,'Paquete',0,4.0,1),
    ('PRD-007','Queso Cheddar','Laive','Queso Cheddar de alt',1,'Paquete',0,12.0,1),
    ('PRD-008','Galletas de Avena','Field','Galletas de Avena de',2,'Sixpack',0,5.0,1),
    ('PRD-009','Jugo de Naranja','Gloria','Jugo de Naranja fort',1,'Botella',0,7.0,1),
    ('PRD-010','Pasta Spaghetti','Don Vittorio','Pasta Spaghetti de a',2,'Paquete',0,4.0,1),
    ('PRD-011','Mantequilla sin Sal','Laive','Mantequilla sin Sal ',1,'Paquete',0,8.0,1),
    ('PRD-012','Cereal de Maíz','Nestlé','Cereal de Maíz de al',2,'Caja',0,8.0,1),
    ('PRD-013','Salsa de Tomate','Alacena','Salsa de Tomate de a',2,'Paquete',0,4.0,1),
    ('PRD-014','Huevos','San Fernando','Huevos de alta calid',1,'Por Kilo',0,13.0,1),
    ('PRD-015','Pan Integral','Bimbo','Pan Integral fresco ',1,'Bolsa',0,4.0,1),
    ('PRD-016','Frijoles Negros','Pantera','Frijoles Negros de a',2,'Paquete',0,6.0,1),
    ('PRD-017','Jamón Cocido','San Fernando','Jamón Cocido de alta',1,'Paquete',0,12.0,1),
    ('PRD-018','Café Molido','Altomayo','Café Molido de alta ',2,'Frasco',0,18.0,1),
    ('PRD-019','Chocolate en Polvo','Winter''s','Chocolate en Polvo d',2,'Frasco',0,9.0,1),
    ('PRD-020','Agua Mineral','San Luis','Agua Mineral de alta',2,'Botella',0,2.5,1),
    ('PRD-021','Manzanas','Hortifrut','Manzanas de alta cal',1,'Por Kilo',0,4.0,1),
    ('PRD-022','Detergente Líquido','Ace','Detergente Líquido d',2,'Botella',0,15.0,1),
    ('PRD-023','Papel Higiénico','Elite','Papel Higiénico de a',2,'Paquete',0,20.0,1),
    ('PRD-024','Cerveza','Cusqueña','Cerveza de alta cali',1,'Sixpack',0,6.0,1),
    ('PRD-025','Shampoo','Sedal','Shampoo de alta cali',2,'Frasco',0,18.0,1),
    ('PRD-026','Cepillo de Dientes','Colgate','Cepillo de Dientes d',2,'Paquete',0,5.0,1),
    ('PRD-027','Mermelada de Fresa','Casa Verde','Mermelada de Fresa d',2,'Frasco',0,7.0,1),
    ('PRD-028','Sal de Mesa','Lobos','Sal de Mesa de alta ',2,'Paquete',0,2.0,1),
    ('PRD-029','Azúcar Blanca','Chavín','Azúcar Blanca de alt',2,'Bolsa',0,3.0,1),
    ('PRD-030','Vinagre de Manzana','Santa María','Vinagre de Manzana d',2,'Botella',0,4.0,1),
    ('PRD-031','Leche en Polvo','Gloria','Leche en Polvo enriq',2,'Paquete',0,6.1,1),
    ('PRD-032','Miel de Abeja','Mishky','Miel de Abeja de alt',2,'Frasco',0,20.0,1),
    ('PRD-033','Avena Instantánea','Quaker','Avena Instantánea de',2,'Paquete',0,4.0,1),
    ('PRD-034','Sopa Instantánea','Maggi','Sopa Instantánea de ',2,'Paquete',0,1.5,1),
    ('PRD-035','Refresco de Cola','Inca Kola','Refresco de Cola de ',2,'Botella',0,5.0,1),
    ('PRD-036','Chips de Papa','Lay''s','Chips de Papa de alt',2,'Bolsa',0,4.0,1),
    ('PRD-037','Helado de Vainilla','D''Onofrio','Helado de Vainilla d',3,'Frasco',0,10.0,1),
    ('PRD-038','Pescado Congelado','Seafood Perú','Pescado Congelado de',3,'Por Kilo',0,15.0,1),
    ('PRD-039','Jabón de Baño','Protex','Jabón de Baño de alt',2,'Sixpack',0,6.0,1),
    ('PRD-040','Toallas de Papel','Scott','Toallas de Papel de ',2,'Paquete',0,6.0,1),
    ('PRD-041','Cereal Infantil','Nestlé','Cereal Infantil de a',2,'Caja',0,8.0,1),
    ('PRD-042','Pañales','Pampers','Pañales de alta cali',2,'Paquete',0,40.0,1),
    ('PRD-043','Pasta Dental','Don Vittorio','Pasta Dental de alta',2,'Caja',0,4.0,1),
    ('PRD-044','Galletas Saladas','Field','Galletas Saladas de ',2,'Sixpack',0,5.0,1),
    ('PRD-045','Leche Condensada','Gloria','Leche Condensada enr',2,'Lata',0,6.1,1),
    ('PRD-046','Crema Corporal','Nivea','Crema Corporal de al',2,'Frasco',0,16.0,1),
    ('PRD-047','Desinfectante','Clorox','Desinfectante de alt',2,'Botella',0,8.0,1),
    ('PRD-048','Cuchillas de Afeitar','Gillette','Cuchillas de Afeitar',2,'Paquete',0,7.0,1),
    ('PRD-049','Carne Molida','Braedt','Carne Molida de alta',3,'Por Kilo',0,18.0,1),
    ('PRD-050','Pan de Molde','Bimbo','Pan de Molde fresco ',1,'Bolsa',0,4.0,1),
    ('PRD-051','Laptop Dell','Dell','Laptop Dell de alta ',2,'Caja',0,2800.0,1),
    ('PRD-052','Queso Edam','Laive','Queso Edam de alta c',1,'Paquete',0,12.0,1),
    ('PRD-053','Arroz Extra','Costeño','Arroz Extra de grano',2,'Bolsa',0,5.0,1),
    ('PRD-054','Pollo Entero','Genérico','Pollo Entero de alta',3,'Por Kilo',0,20.0,1),
    ('PRD-055','Leche Entera','Gloria','Leche Entera enrique',1,'Caja',0,6.1,1),
    ('PRD-056','Galletas de Chocolat','Field','Galletas de Chocolat',2,'Sixpack',0,5.0,1),
    ('PRD-057','Aceite Vegetal','Primor','Aceite Vegetal extra',2,'Botella',0,10.0,1),
    ('PRD-058','Atún en Lata','Fanny','Atún en Lata de alta',2,'Lata',0,5.5,1),
    ('PRD-059','Papel Higiénico','Elite','Papel Higiénico de a',2,'Paquete',0,20.0,1),
    ('PRD-060','Jugo de Naranja','Gloria','Jugo de Naranja fort',1,'Caja',0,7.0,1),
    ('PRD-061','Yogurt Natural','Laive','Yogurt Natural natur',1,'Botella',0,6.0,1),
    ('PRD-062','Cepillo de Dientes','Colgate','Cepillo de Dientes d',2,'Paquete',0,5.0,1),
    ('PRD-063','Detergente en Polvo','Ace','Detergente en Polvo ',2,'Bolsa',0,15.0,1),
    ('PRD-064','Pasta Dental','Don Vittorio','Pasta Dental de alta',2,'Caja',0,4.0,1),
    ('PRD-065','Cereal de Maíz','Nestlé','Cereal de Maíz de al',2,'Caja',0,8.0,1),
    ('PRD-066','Mantequilla','Laive','Mantequilla de alta ',1,'Paquete',0,8.0,1),
    ('PRD-067','Mayonesa','Genérico','Mayonesa de alta cal',1,'Paquete',0,8.0,1),
    ('PRD-068','Ketchup','Genérico','Ketchup de alta cali',2,'Paquete',0,8.0,1),
    ('PRD-069','Shampoo Anticaspa','Sedal','Shampoo Anticaspa de',2,'Frasco',0,18.0,1),
    ('PRD-070','Toallas Húmedas','Genérico','Toallas Húmedas de a',2,'Paquete',0,8.0,1),
    ('PRD-071','Champiñones en Lata','Camposol','Champiñones en Lata ',2,'Lata',0,7.0,1),
    ('PRD-072','Café Instantáneo','Altomayo','Café Instantáneo de ',2,'Frasco',0,18.0,1),
    ('PRD-073','Gaseosa Cola 1.5L','Inca Kola','Gaseosa Cola 1.5L de',2,'Botella',0,4.0,1),
    ('PRD-074','Baterías AA','Duracell','Baterías AA de alta ',2,'Paquete',0,14.0,1),
    ('PRD-075','Helado de Vainilla','D''Onofrio','Helado de Vainilla d',3,'Frasco',0,10.0,1),
    ('PRD-076','Jabón Líquido','Protex','Jabón Líquido de alt',2,'Frasco',0,6.0,1),
    ('PRD-077','Salchichas','San Fernando','Salchichas de alta c',1,'Paquete',0,10.0,1),
    ('PRD-078','Fósforos','Diana','Fósforos de alta cal',2,'Caja',0,1.0,1),
    ('PRD-079','Aceitunas','Ibérico','Aceitunas de alta ca',2,'Por Kilo',0,8.0,1),
    ('PRD-080','Crema de Leche','Gloria','Crema de Leche enriq',1,'Frasco',0,6.1,1),
    ('PRD-081','Té en Bolsas','Twinings','Té en Bolsas de alta',2,'Caja',0,6.0,1),
    ('PRD-082','Lentejas','Genérico','Lentejas de alta cal',2,'Paquete',0,8.0,1),
    ('PRD-083','Mermelada de Durazno','Casa Verde','Mermelada de Durazno',2,'Frasco',0,7.0,1),
    ('PRD-084','Queso Parmesano','Laive','Queso Parmesano de a',1,'Paquete',0,12.0,1),
    ('PRD-085','Galletas de Arroz','Costeño','Galletas de Arroz de',2,'Sixpack',0,5.0,1),
    ('PRD-086','Sardinas en Lata','Genérico','Sardinas en Lata de ',2,'Lata',0,8.0,1),
    ('PRD-087','Cerveza Sin Alcohol','Cusqueña','Cerveza Sin Alcohol ',1,'Sixpack',0,6.0,1),
    ('PRD-088','Pan de Hamburguesa','Bimbo','Pan de Hamburguesa f',1,'Bolsa',0,4.0,1),
    ('PRD-089','Mantequilla de Maní','Laive','Mantequilla de Maní ',2,'Frasco',0,8.0,1),
    ('PRD-090','Acondicionador','Genérico','Acondicionador de al',2,'Frasco',0,8.0,1),
    ('PRD-091','Salsa Picante','Alacena','Salsa Picante de alt',2,'Paquete',0,4.0,1),
    ('PRD-092','Puré de Tomate','Genérico','Puré de Tomate de al',2,'Frasco',0,8.0,1),
    ('PRD-093','Jugo de Manzana','Gloria','Jugo de Manzana fort',1,'Botella',0,7.0,1),
    ('PRD-094','Cubitos de Caldo','Genérico','Cubitos de Caldo de ',2,'Paquete',0,8.0,1),
    ('PRD-095','Palillos de Dientes','Genérico','Palillos de Dientes ',2,'Paquete',0,8.0,1),
    ('PRD-096','Queso Crema','Laive','Queso Crema de alta ',1,'Frasco',0,12.0,1),
    ('PRD-097','Harina de Maíz','Nicolini','Harina de Maíz de al',2,'Paquete',0,4.0,1),
    ('PRD-098','Pasta de Tomate','Don Vittorio','Pasta de Dientes de ',2,'Paquete',0,4.0,1),
    ('PRD-099','Almendras','Genérico','Almendras de alta ca',2,'Por Kilo',0,8.0,1),
    ('PRD-100','Agua con Gas','San Luis','Agua con Gas de alta',2,'Botella',0,2.5,1),
    ('PRD-101','Gelatina','Genérico','Gelatina de alta cal',2,'Paquete',0,8.0,1),
    ('PRD-102','Cerezas en Conserva','Genérico','Cerezas en Conserva ',2,'Lata',0,8.0,1),
    ('PRD-103','Mayonesa','Alacena','Salsa de Soja de alt',2,'Paquete',0,4.0,1),
    ('PRD-104','Pasta Larga','Don Vittorio','Pasta Larga de alta ',2,'Paquete',0,4.0,1),
    ('PRD-105','Leche de Almendras','Gloria','Leche de Almendras e',1,'Caja',0,6.1,1),
    ('PRD-106','Cuscús','Genérico','Cuscús de alta calid',2,'Bolsa',0,8.0,1),
    ('PRD-107','Vinagre Balsámico','Santa María','Vinagre Balsámico de',2,'Botella',0,4.0,1),
    ('PRD-108','Canelones','Don Vittorio','Pasta de Hígado de a',2,'Paquete',0,4.0,1),
    ('PRD-109','Masa para Pizza','Genérico','Masa para Pizza de a',1,'Bolsa',0,8.0,1),
    ('PRD-110','Aceite de Coco','Genérico','Aceite de Coco extra',2,'Botella',0,8.0,1),
    ('PRD-111','Galletas de Mantequi','Field','Galletas de Mantequi',2,'Sixpack',0,5.0,1),
    ('PRD-112','Sopa Instantánea','Maggi','Sopa Instantánea de ',2,'Paquete',0,1.5,1),
    ('PRD-113','Queso Azul','Laive','Queso Azul de alta c',1,'Paquete',0,12.0,1),
    ('PRD-114','Pasta de Curry','Don Vittorio','Pasta de Curry de al',2,'Frasco',0,4.0,1),
    ('PRD-115','Chocolate Negro','Winter''s','Chocolate Negro de a',2,'Frasco',0,9.0,1),
    ('PRD-116','Té Verde','Twinings','Té Verde de alta cal',2,'Caja',0,6.0,1),
    ('PRD-117','Miel de Maple','Mishky','Miel de Maple de alt',2,'Frasco',0,20.0,1),
    ('PRD-118','Pasta de Tomate','Don Vittorio','Pasta de Tomate de a',2,'Frasco',0,4.0,1),
    ('PRD-119','Arroz Basmati','Costeño','Arroz Basmati de gra',2,'Bolsa',0,5.0,1),
    ('PRD-120','Aceitunas Rellenas','Ibérico','Aceitunas Rellenas d',2,'Frasco',0,8.0,1),
    ('PRD-121','Mouse Inalámbrico','Genérico','Mouse Inalámbrico de',2,'Caja',0,8.0,1),
    ('PRD-122','Teclado Gamer RGB','Genérico','Teclado Gamer RGB de',2,'Caja',0,8.0,1),
    ('PRD-123','Lego Classic (1000 p','Genérico','Lego Classic (1000 p',2,'Caja',0,8.0,1),
    ('PRD-124','Monitor 24" Full HD','Genérico','Monitor 24" Full HD ',2,'Caja',0,8.0,1),
    ('PRD-125','Muñeca Barbie Colecc','Genérico','Muñeca Barbie Colecc',2,'Caja',0,8.0,1),
    ('PRD-126','Disco Duro Externo 1','Genérico','Disco Duro Externo 1',2,'Caja',0,8.0,1),
    ('PRD-127','Peluche Oso Gigante','Genérico','Peluche Oso Gigante ',2,'Bolsa',0,8.0,1),
    ('PRD-128','Router Wi-Fi 5G','Genérico','Router Wi-Fi 5G de a',2,'Caja',0,8.0,1),
    ('PRD-129','Juego de Mesa Scrabb','Genérico','Juego de Mesa Scrabb',2,'Caja',0,8.0,1),
    ('PRD-130','Altavoz Bluetooth','Genérico','Altavoz Bluetooth de',2,'Caja',0,8.0,1),
    ('PRD-131','Figura de Acción Mar','Genérico','Figura de Acción Mar',2,'Caja',0,8.0,1),
    ('PRD-132','Cámara Web HD','Genérico','Cámara Web HD de alt',2,'Caja',0,8.0,1),
    ('PRD-133','Puzzle 1000 Piezas','Genérico','Puzzle 1000 Piezas d',2,'Caja',0,8.0,1),
    ('PRD-134','Memoria USB 64GB','Genérico','Memoria USB 64GB de ',2,'Caja',0,8.0,1),
    ('PRD-135','Carro de Control Rem','Genérico','Carro de Control Rem',2,'Caja',0,8.0,1),
    ('PRD-136','Libro de Colorear','Genérico','Libro de Colorear de',2,'Bolsa',0,8.0,1),
    ('PRD-137','Cargador Inalámbrico','Genérico','Cargador Inalámbrico',2,'Caja',0,8.0,1),
    ('PRD-138','Set de Bloques Magné','Genérico','Set de Bloques Magné',2,'Caja',0,8.0,1),
    ('PRD-139','Reloj Inteligente','Genérico','Reloj Inteligente de',2,'Caja',0,8.0,1),
    ('PRD-140','Dron con Cámara','Genérico','Dron con Cámara de a',2,'Caja',0,8.0,1);

insert into lote (id_lote, cantidad_lote, fecha_caducidad, id_prod, fecha_ingreso) values
	('LT-2025-03', '20', '2025-10-01', 'PRD-001', '2025-05-01'),
	('LT-2025-04', '25', '2025-11-03', 'PRD-001', '2025-05-01'),
	('LT-2025-05', '20', '2025-12-08', 'PRD-001', '2025-05-01'),
	('AR-2025-04', '20', '2026-07-04', 'PRD-002', '2025-05-01'),
	('AR-2025-06', '20', '2026-09-06', 'PRD-002', '2025-05-01'),
	('AT-2025-03', '20', '2027-03-01', 'PRD-003', '2025-05-01'),
	('AT-2025-05', '20', '2027-05-01', 'PRD-003', '2025-05-01'),
	('ATQ-2025-04', 18, '2025-04-19', 'PRD-126', '2025-05-01'),
	('ASP-2025-03', 28, '2025-03-21', 'PRD-018', '2025-05-01'),
	('NEM-2025-02', 24, '2025-02-17', 'PRD-071', '2025-05-01'),
	('QUA-2025-03', 45, '2025-03-18', 'PRD-117', '2025-05-01'),
	('PLA-2025-05', 17, '2025-05-11', 'PRD-063', '2025-05-01'),
	('EOS-2025-02', 39, '2025-02-21', 'PRD-080', '2025-05-01'),
	('OPT-2025-01', 21, '2025-01-18', 'PRD-085', '2025-05-01'),
	('COM-2025-01', 26, '2025-01-13', 'PRD-056', '2025-05-01'),
	('ASS-2025-01', 33, '2025-01-17', 'PRD-088', '2025-05-01'),
	('DOL-2025-01', 32, '2025-01-12', 'PRD-069', '2025-05-01'),
	('VIT-2025-01', 41, '2025-01-24', 'PRD-038', '2025-05-01'),
	('APE-2025-03', 29, '2025-03-11', 'PRD-123', '2025-05-01'),
	('LIB-2025-03', 15, '2025-03-12', 'PRD-044', '2025-05-01'),
	('REP-2025-05', 27, '2025-05-25', 'PRD-042', '2025-05-01'),
	('AX-2025-04', 36, '2025-04-17', 'PRD-008', '2025-05-01'),
	('REI-2025-05', 33, '2025-05-19', 'PRD-045', '2025-05-01'),
	('IMP-2025-04', 30, '2025-04-15', 'PRD-100', '2025-05-01'),
	('VEL-2025-03', 40, '2025-03-24', 'PRD-094', '2025-05-01'),
	('ASP-2025-02-1', 43, '2025-02-22', 'PRD-021', '2025-05-01'),
	('PAR-2025-04', 21, '2025-04-24', 'PRD-046', '2025-05-01'),
	('EAQ-2025-01', 18, '2025-01-15', 'PRD-099', '2025-05-01'),
	('EXP-2025-05', 25, '2025-05-16', 'PRD-133', '2025-05-01'),
	('CUP-2025-04', 44, '2025-04-12', 'PRD-051', '2025-05-01'),
	('QUI-2025-01', 49, '2025-01-23', 'PRD-108', '2025-05-01'),
	('MIN-2025-05', 37, '2025-05-23', 'PRD-082', '2025-05-01'),
	('COR-2025-02', 35, '2025-02-12', 'PRD-090', '2025-05-01'),
	('EXE-2025-05', 39, '2025-05-25', 'PRD-104', '2025-05-01'),
	('OFF-2025-04', 34, '2025-04-10', 'PRD-120', '2025-05-01'),
	('VEL-2025-04-1', 45, '2025-04-22', 'PRD-096', '2025-05-01'),
	('VEL-2025-05-2', 31, '2025-05-12', 'PRD-109', '2025-05-01'),
	('INV-2025-01', 50, '2025-01-12', 'PRD-086', '2025-05-01'),
	('NON-2025-01', 27, '2025-01-20', 'PRD-084', '2025-05-01'),
	('IST-2025-04', 29, '2025-04-23', 'PRD-127', '2025-05-01'),
	('MOL-2025-03', 15, '2025-03-19', 'PRD-091', '2025-05-01'),
	('INX-2025-04', 25, '2025-04-11', 'PRD-131', '2025-05-01'),
	('FAC-2025-04', 28, '2025-04-19', 'PRD-028', '2025-05-01'),
	('BLA-2025-01', 36, '2025-01-10', 'PRD-077', '2025-05-01'),
	('ILL-2025-02', 47, '2025-02-17', 'PRD-050', '2025-05-01'),
	('NEC-2025-05', 37, '2025-05-18', 'PRD-083', '2025-05-02'),
	('EUM-2025-01', 16, '2025-01-17', 'PRD-041', '2025-05-02'),
	('MIN-2025-04-1', 21, '2025-04-18', 'PRD-138', '2025-05-02'),
	('QUI-2025-02-1', 15, '2025-02-17', 'PRD-014', '2025-05-02'),
	('VOL-2025-01', 27, '2025-01-25', 'PRD-097', '2025-05-02'),
	('QUI-2025-01-2', 21, '2025-01-18', 'PRD-019', '2025-05-02'),
	('ACC-2025-01', 43, '2025-01-25', 'PRD-072', '2025-05-02'),
	('EXP-2025-04-1', 26, '2025-04-14', 'PRD-062', '2025-05-02'),
	('VOL-2025-05-1', 33, '2025-05-23', 'PRD-009', '2025-05-02'),
	('EAX-2025-04', 27, '2025-04-25', 'PRD-037', '2025-05-02'),
	('LAB-2025-04', 42, '2025-04-19', 'PRD-125', '2025-05-02'),
	('DIG-2025-04', 35, '2025-04-11', 'PRD-048', '2025-05-02'),
	('CON-2025-05', 34, '2025-05-14', 'PRD-049', '2025-05-02'),
	('CON-2025-05-1', 27, '2025-05-21', 'PRD-016', '2025-05-02'),
	('OPT-2025-02-1', 36, '2025-02-23', 'PRD-052', '2025-05-02'),
	('INV-2025-04-1', 36, '2025-04-21', 'PRD-129', '2025-05-02'),
	('ENI-2025-04', 25, '2025-04-17', 'PRD-017', '2025-05-02'),
	('ACC-2025-01-1', 34, '2025-01-10', 'PRD-105', '2025-05-02'),
	('EXP-2025-04-2', 48, '2025-04-25', 'PRD-110', '2025-05-02'),
	('ALI-2025-03', 25, '2025-03-23', 'PRD-128', '2025-05-02'),
	('ALI-2025-03-1', 40, '2025-03-20', 'PRD-023', '2025-05-02'),
	('OFF-2025-05-1', 42, '2025-05-12', 'PRD-113', '2025-05-02'),
	('FAC-2025-05-1', 37, '2025-05-13', 'PRD-047', '2025-05-02'),
	('FUG-2025-02', 28, '2025-02-19', 'PRD-058', '2025-05-02'),
	('NOS-2025-03', 25, '2025-03-13', 'PRD-119', '2025-05-02'),
	('CUM-2025-04', 48, '2025-04-23', 'PRD-024', '2025-05-02'),
	('CON-2025-04-2', 37, '2025-04-12', 'PRD-132', '2025-05-02'),
	('ALI-2025-04-2', 35, '2025-04-24', 'PRD-101', '2025-05-02'),
	('ANI-2025-05', 24, '2025-05-20', 'PRD-004', '2025-05-02'),
	('ERR-2025-01', 16, '2025-01-14', 'PRD-107', '2025-05-02'),
	('LAB-2025-04-1', 20, '2025-04-13', 'PRD-135', '2025-05-02'),
	('QUA-2025-03-1', 37, '2025-03-24', 'PRD-079', '2025-05-02'),
	('ADI-2025-05', 32, '2025-05-19', 'PRD-136', '2025-05-02'),
	('AX-2025-02-1', 36, '2025-02-13', 'PRD-140', '2025-05-02'),
	('QUO-2025-02', 38, '2025-02-22', 'PRD-057', '2025-05-02'),
	('DOL-2025-02-1', 21, '2025-02-11', 'PRD-073', '2025-05-02'),
	('COM-2025-04-1', 32, '2025-04-17', 'PRD-093', '2025-05-02'),
	('POR-2025-03', 41, '2025-03-13', 'PRD-087', '2025-05-02'),
	('NOS-2025-04-1', 32, '2025-04-16', 'PRD-095', '2025-05-02'),
	('DEL-2025-05', 20, '2025-05-18', 'PRD-029', '2025-05-02'),
	('QUI-2025-01-3', 35, '2025-01-18', 'PRD-075', '2025-05-02'),
	('LAB-2025-03-2', 20, '2025-03-12', 'PRD-130', '2025-05-02'),
	('ALI-2025-02-3', 26, '2025-02-20', 'PRD-081', '2025-05-02'),
	('POR-2025-03-1', 23, '2025-03-14', 'PRD-068', '2025-05-02'),
	('NUL-2025-03', 44, '2025-03-17', 'PRD-033', '2025-05-02'),
	('ANI-2025-04-1', 25, '2025-04-12', 'PRD-031', '2025-05-02'),
	('ASP-2025-01-2', 25, '2025-01-16', 'PRD-015', '2025-05-03'),
	('ODI-2025-05', 48, '2025-05-11', 'PRD-007', '2025-05-03'),
	('REP-2025-04-1', 32, '2025-04-17', 'PRD-012', '2025-05-03'),
	('ULL-2025-02', 29, '2025-02-16', 'PRD-112', '2025-05-03'),
	('AX-2025-03-2', 33, '2025-03-14', 'PRD-026', '2025-05-03'),
	('IPS-2025-03', 24, '2025-03-19', 'PRD-030', '2025-05-03'),
	('BLA-2025-05-1', 20, '2025-05-12', 'PRD-039', '2025-05-03'),
	('RER-2025-03', 36, '2025-03-18', 'PRD-061', '2025-05-03'),
	('SIM-2025-04', 40, '2025-04-14', 'PRD-066', '2025-05-03'),
	('TEN-2025-05', 23, '2025-05-21', 'PRD-074', '2025-05-03'),
	('ADX-2025-01', 31, '2025-01-22', 'PRD-010', '2025-05-03'),
	('TEM-2025-02', 17, '2025-02-12', 'PRD-032', '2025-05-03'),
	('NEQ-2025-04', 31, '2025-04-15', 'PRD-027', '2025-05-03'),
	('NEQ-2025-01-1', 22, '2025-01-12', 'PRD-027', '2025-05-03'),
	('MOL-2025-02-1', 49, '2025-02-13', 'PRD-067', '2025-05-03'),
	('MOL-2025-03-2', 38, '2025-03-11', 'PRD-067', '2025-05-03'),
	('EST-2025-01', 37, '2025-01-11', 'PRD-139', '2025-05-03'),
	('EST-2025-05-1', 37, '2025-05-19', 'PRD-139', '2025-05-03'),
	('NON-2025-02-1', 30, '2025-02-11', 'PRD-013', '2025-05-03'),
	('NON-2025-03-2', 40, '2025-03-10', 'PRD-013', '2025-05-03'),
	('COR-2025-04-1', 22, '2025-04-10', 'PRD-134', '2025-05-03'),
	('COR-2025-02-2', 47, '2025-02-14', 'PRD-134', '2025-05-03'),
	('IPS-2025-05-1', 37, '2025-05-21', 'PRD-020', '2025-05-03'),
	('IPS-2025-05-2', 15, '2025-05-14', 'PRD-020', '2025-05-03'),
	('ODI-2025-04-1', 44, '2025-04-20', 'PRD-078', '2025-05-03'),
	('ODI-2025-05-2', 48, '2025-05-20', 'PRD-078', '2025-05-03'),
	('REP-2025-04-2', 29, '2025-04-14', 'PRD-102', '2025-05-03'),
	('REP-2025-02-3', 48, '2025-02-20', 'PRD-102', '2025-05-03'),
	('DOL-2025-02-2', 17, '2025-02-13', 'PRD-089', '2025-05-03'),
	('DOL-2025-01-3', 38, '2025-01-18', 'PRD-089', '2025-05-03'),
	('QUI-2025-05-4', 16, '2025-05-17', 'PRD-111', '2025-05-03'),
	('QUI-2025-02-5', 41, '2025-02-17', 'PRD-111', '2025-05-03'),
	('QUA-2025-05-2', 40, '2025-05-16', 'PRD-005', '2025-05-03'),
	('QUA-2025-01-3', 24, '2025-01-15', 'PRD-005', '2025-05-03'),
	('POS-2025-05', 15, '2025-05-12', 'PRD-137', '2025-05-03'),
	('POS-2025-04-1', 27, '2025-04-23', 'PRD-137', '2025-05-03'),
	('DES-2025-03', 29, '2025-03-20', 'PRD-103', '2025-05-03'),
	('DES-2025-04-1', 30, '2025-04-14', 'PRD-103', '2025-05-03'),
	('TEM-2025-04-1', 41, '2025-04-25', 'PRD-106', '2025-05-03'),
	('TEM-2025-04-2', 21, '2025-04-22', 'PRD-106', '2025-05-03'),
	('IPS-2025-03-3', 26, '2025-03-11', 'PRD-070', '2025-05-03'),
	('IPS-2025-03-4', 46, '2025-03-18', 'PRD-070', '2025-05-03'),
	('COR-2025-03-3', 15, '2025-03-16', 'PRD-098', '2025-05-03'),
	('COR-2025-01-4', 48, '2025-01-11', 'PRD-098', '2025-05-03'),
	('VOL-2025-02-2', 32, '2025-02-14', 'PRD-116', '2025-05-03'),
	('VOL-2025-03-3', 43, '2025-03-10', 'PRD-116', '2025-05-03'),
	('ATX-2025-02', 45, '2025-02-17', 'PRD-035', '2025-05-03'),
	('ATX-2025-03-1', 24, '2025-03-12', 'PRD-035', '2025-05-03'),
	('NAM-2025-05', 40, '2025-05-11', 'PRD-022', '2025-05-03'),
	('NAM-2025-01-1', 23, '2025-01-17', 'PRD-022', '2025-05-03'),
	('FUG-2025-02-1', 18, '2025-02-19', 'PRD-054', '2025-05-03'),
	('FUG-2025-01-2', 23, '2025-01-15', 'PRD-054', '2025-05-03'),
	('VOL-2025-05-4', 49, '2025-05-11', 'PRD-025', '2025-05-03'),
	('VOL-2025-04-5', 32, '2025-04-25', 'PRD-025', '2025-05-03'),
	('HIC-2025-05', 30, '2025-05-15', 'PRD-115', '2025-05-03'),
	('HIC-2025-02-1', 16, '2025-02-21', 'PRD-115', '2025-05-03'),
	('DIC-2025-04', 26, '2025-04-18', 'PRD-011', '2025-05-03'),
	('DIC-2025-03-1', 26, '2025-03-18', 'PRD-011', '2025-05-03'),
	('QUO-2025-04-1', 27, '2025-04-10', 'PRD-040', '2025-05-03'),
	('QUO-2025-05-2', 49, '2025-05-11', 'PRD-040', '2025-05-03'),
	('ETX-2025-01', 40, '2025-01-16', 'PRD-114', '2025-05-04'),
	('ETX-2025-03-1', 36, '2025-03-19', 'PRD-114', '2025-05-04'),
	('NON-2025-04-3', 23, '2025-04-12', 'PRD-055', '2025-05-04'),
	('NON-2025-05-4', 47, '2025-05-11', 'PRD-055', '2025-05-04'),
	('SIN-2025-04', 49, '2025-04-21', 'PRD-043', '2025-05-04'),
	('SIN-2025-04-1', 36, '2025-04-18', 'PRD-043', '2025-05-04'),
	('ASP-2025-05-3', 44, '2025-05-10', 'PRD-034', '2025-05-04'),
	('ASP-2025-05-4', 38, '2025-05-21', 'PRD-034', '2025-05-04'),
	('ANI-2025-05-2', 44, '2025-05-13', 'PRD-118', '2025-05-04'),
	('ANI-2025-02-3', 33, '2025-02-23', 'PRD-118', '2025-05-04'),
	('ENI-2025-01-1', 48, '2025-01-17', 'PRD-053', '2025-05-04'),
	('ENI-2025-02-2', 29, '2025-02-21', 'PRD-053', '2025-05-04'),
	('TOT-2025-01', 16, '2025-01-22', 'PRD-036', '2025-05-04'),
	('TOT-2025-03-1', 47, '2025-03-22', 'PRD-036', '2025-05-04'),
	('TOT-2025-03-2', 32, '2025-03-25', 'PRD-092', '2025-05-04'),
	('TOT-2025-05-3', 26, '2025-05-21', 'PRD-092', '2025-05-04'),
	('INV-2025-04-2', 38, '2025-04-20', 'PRD-076', '2025-05-04'),
	('INV-2025-01-3', 50, '2025-01-22', 'PRD-076', '2025-05-04'),
	('NEM-2025-03-1', 44, '2025-03-20', 'PRD-065', '2025-05-04'),
	('NEM-2025-02-2', 36, '2025-02-18', 'PRD-065', '2025-05-04'),
	('ATX-2025-01-2', 15, '2025-01-15', 'PRD-059', '2025-05-04'),
	('ATX-2025-01-3', 25, '2025-01-20', 'PRD-059', '2025-05-04'),
	('QUA-2025-05-4', 44, '2025-05-11', 'PRD-121', '2025-05-04'),
	('QUA-2025-03-5', 44, '2025-03-20', 'PRD-121', '2025-05-04'),
	('INX-2025-03-1', 15, '2025-03-21', 'PRD-122', '2025-05-04'),
	('INX-2025-02-2', 43, '2025-02-10', 'PRD-122', '2025-05-04'),
	('NOS-2025-04-2', 48, '2025-04-20', 'PRD-060', '2025-05-04'),
	('NOS-2025-04-3', 39, '2025-04-24', 'PRD-060', '2025-05-04'),
	('NUM-2025-03', 40, '2025-03-13', 'PRD-006', '2025-05-04'),
	('NUM-2025-03-1', 18, '2025-03-11', 'PRD-006', '2025-05-04'),
	('CON-2025-02-3', 18, '2025-02-17', 'PRD-064', '2025-05-04'),
	('CON-2025-01-4', 41, '2025-01-13', 'PRD-064', '2025-05-04'),
	('ADI-2025-05-1', 48, '2025-05-20', 'PRD-124', '2025-05-04'),
	('ADI-2025-02-2', 47, '2025-02-17', 'PRD-124', '2025-05-04');