create database SistemaGestorAlmacen;
use SistemaGestorAlmacen;

create table usuarios (
	usuario varchar(20) PRIMARY KEY,
	contraseña VARCHAR(20)
);

insert into usuarios values
	('admin','metro123'),
   	('usuario1','clave123'),
   	('ola','123');

create table categoria (
	id_categ int PRIMARY KEY,
    nombre_categ varchar(20),
    descrip_categ varchar(60)
);

create table productos (
	id_prod varchar(20) PRIMARY KEY,
	nombre varchar(20),
    marca varchar(20),
    descrip varchar(60),
    id_categ int,
    unid_medida varchar(20),
    stock_prod int,
    precio_prod decimal(10,2),
    activo tinyint(1),
    FOREIGN KEY (id_categ) references categoria(id_categ)
);

create table lote (
	id_lote int PRIMARY KEY,
    cantidad_lote int,
    fecha_caducidad date,
    id_prod varchar(20),
    FOREIGN KEY (id_prod) references productos(id_prod)
);

insert into categoria (id_categ, nombre_categ, descrip_categ) values
	(1, 'Refrigeración', 'Productos que se conservan a 0-4 °C'),
	(2, 'Almacén Seco', 'Mercancías de temperatura ambiente y baja humedad'),
	(3, 'Congelación', 'Alimentos que requieren -18 °C o menos'),
	(4, 'Otro', 'Categoría genérica sin requisitos especiales');*/
    
insert into productos (id_prod, nombre, marca, descrip, id_categ, unid_medida, stock_prod, precio_prod, activo) values
('PRD-001','Leche Entera','Gloria','Leche Entera enrique',1,'L',120,6.1,1),
('PRD-002','Arroz Integral','Costeño','Arroz Integral de gr',2,'KG',85,5.0,1),
('PRD-003','Atún en Lata','Fanny','Atún en Lata de alta',2,'KG',200,5.5,1),
('PRD-004','Aceite de Oliva','Carbonell','Aceite de Oliva extr',2,'L',150,23.0,1),
('PRD-005','Yogur Natural','Laive','Yogur Natural natura',1,'KG',90,6.0,1),
('PRD-006','Harina de Trigo','Nicolini','Harina de Trigo de a',2,'KG',110,4.0,1),
('PRD-007','Queso Cheddar','Laive','Queso Cheddar de alt',1,'KG',75,12.0,1),
('PRD-008','Galletas de Avena','Field','Galletas de Avena de',2,'KG',180,5.0,1),
('PRD-009','Jugo de Naranja','Gloria','Jugo de Naranja fort',1,'L',60,7.0,1),
('PRD-010','Pasta Spaghetti','Don Vittorio','Pasta Spaghetti de a',2,'KG',200,4.0,1),
('PRD-011','Mantequilla sin Sal','Laive','Mantequilla sin Sal ',1,'KG',95,8.0,1),
('PRD-012','Cereal de Maíz','Nestlé','Cereal de Maíz de al',2,'KG',120,8.0,1),
('PRD-013','Salsa de Tomate','Alacena','Salsa de Tomate de a',2,'L',140,4.0,1),
('PRD-014','Huevos','San Fernando','Huevos de alta calid',1,'KG',300,13.0,1),
('PRD-015','Pan Integral','Bimbo','Pan Integral fresco ',1,'KG',80,4.0,1),
('PRD-016','Frijoles Negros','Pantera','Frijoles Negros de a',2,'KG',160,6.0,1),
('PRD-017','Jamón Cocido','San Fernando','Jamón Cocido de alta',1,'KG',70,12.0,1),
('PRD-018','Café Molido','Altomayo','Café Molido de alta ',2,'L',100,18.0,1),
('PRD-019','Chocolate en Polvo','Winter''s','Chocolate en Polvo d',2,'KG',90,9.0,1),
('PRD-020','Agua Mineral','San Luis','Agua Mineral de alta',2,'L',250,2.5,1),
('PRD-021','Manzanas','Hortifrut','Manzanas de alta cal',1,'KG',200,4.0,1),
('PRD-022','Detergente Líquido','Ace','Detergente Líquido d',2,'L',110,15.0,1),
('PRD-023','Papel Higiénico','Elite','Papel Higiénico de a',2,'KG',300,20.0,1),
('PRD-024','Cerveza','Cusqueña','Cerveza de alta cali',1,'L',180,6.0,1),
('PRD-025','Shampoo','Sedal','Shampoo de alta cali',2,'L',150,18.0,1),
('PRD-026','Cepillo de Dientes','Colgate','Cepillo de Dientes d',2,'KG',200,5.0,1),
('PRD-027','Mermelada de Fresa','Casa Verde','Mermelada de Fresa d',2,'KG',95,7.0,1),
('PRD-028','Sal de Mesa','Lobos','Sal de Mesa de alta ',2,'KG',120,2.0,1),
('PRD-029','Azúcar Blanca','Chavín','Azúcar Blanca de alt',2,'KG',180,3.0,1),
('PRD-030','Vinagre de Manzana','Santa María','Vinagre de Manzana d',2,'L',80,4.0,1),
('PRD-031','Leche en Polvo','Gloria','Leche en Polvo enriq',2,'L',70,6.1,1),
('PRD-032','Miel de Abeja','Mishky','Miel de Abeja de alt',2,'KG',60,20.0,1),
('PRD-033','Avena Instantánea','Quaker','Avena Instantánea de',2,'KG',100,4.0,1),
('PRD-034','Sopa Instantánea','Maggi','Sopa Instantánea de ',2,'KG',150,1.5,1),
('PRD-035','Refresco de Cola','Inca Kola','Refresco de Cola de ',2,'L',220,5.0,1),
('PRD-036','Chips de Papa','Lay''s','Chips de Papa de alt',2,'KG',130,4.0,1),
('PRD-037','Helado de Vainilla','D''Onofrio','Helado de Vainilla d',3,'KG',90,10.0,1),
('PRD-038','Pescado Congelado','Seafood Perú','Pescado Congelado de',3,'KG',75,15.0,1),
('PRD-039','Jabón de Baño','Protex','Jabón de Baño de alt',2,'L',180,6.0,1),
('PRD-040','Toallas de Papel','Scott','Toallas de Papel de ',2,'KG',200,6.0,1),
('PRD-041','Cereal Infantil','Nestlé','Cereal Infantil de a',2,'KG',85,8.0,1),
('PRD-042','Pañales','Pampers','Pañales de alta cali',2,'KG',250,40.0,1),
('PRD-043','Pasta Dental','Don Vittorio','Pasta Dental de alta',2,'KG',160,4.0,1),
('PRD-044','Galletas Saladas','Field','Galletas Saladas de ',2,'KG',140,5.0,1),
('PRD-045','Leche Condensada','Gloria','Leche Condensada enr',2,'L',95,6.1,1),
('PRD-046','Crema Corporal','Nivea','Crema Corporal de al',2,'L',120,16.0,1),
('PRD-047','Desinfectante','Clorox','Desinfectante de alt',2,'KG',110,8.0,1),
('PRD-048','Cuchillas de Afeitar','Gillette','Cuchillas de Afeitar',2,'KG',90,7.0,1),
('PRD-049','Carne Molida','Braedt','Carne Molida de alta',3,'KG',65,18.0,1),
('PRD-050','Pan de Molde','Bimbo','Pan de Molde fresco ',1,'KG',70,4.0,1),
('PRD-051','Laptop Dell','Dell','Laptop Dell de alta ',2,'KG',10,2800.0,1),
('PRD-052','Queso Edam','Laive','Queso Edam de alta c',1,'KG',40,12.0,1),
('PRD-053','Arroz Extra','Costeño','Arroz Extra de grano',2,'KG',120,5.0,1),
('PRD-054','Pollo Entero','Genérico','Pollo Entero de alta',3,'KG',35,20.0,1),
('PRD-055','Leche Entera','Gloria','Leche Entera enrique',1,'L',90,6.1,1),
('PRD-056','Galletas de Chocolat','Field','Galletas de Chocolat',2,'KG',150,5.0,1),
('PRD-057','Aceite Vegetal','Primor','Aceite Vegetal extra',2,'L',100,10.0,1),
('PRD-058','Atún en Lata','Fanny','Atún en Lata de alta',2,'KG',85,5.5,1),
('PRD-059','Papel Higiénico','Elite','Papel Higiénico de a',2,'KG',200,20.0,1),
('PRD-060','Jugo de Naranja','Gloria','Jugo de Naranja fort',1,'L',60,7.0,1),
('PRD-061','Yogurt Natural','Laive','Yogurt Natural natur',1,'KG',50,6.0,1),
('PRD-062','Cepillo de Dientes','Colgate','Cepillo de Dientes d',2,'KG',80,5.0,1),
('PRD-063','Detergente en Polvo','Ace','Detergente en Polvo ',2,'L',75,15.0,1),
('PRD-064','Pasta Dental','Don Vittorio','Pasta Dental de alta',2,'KG',90,4.0,1),
('PRD-065','Cereal de Maíz','Nestlé','Cereal de Maíz de al',2,'KG',55,8.0,1),
('PRD-066','Mantequilla','Laive','Mantequilla de alta ',1,'KG',45,8.0,1),
('PRD-067','Mayonesa','Genérico','Mayonesa de alta cal',1,'L',65,8.0,1),
('PRD-068','Ketchup','Genérico','Ketchup de alta cali',2,'L',50,8.0,1),
('PRD-069','Shampoo Anticaspa','Sedal','Shampoo Anticaspa de',2,'L',70,18.0,1),
('PRD-070','Toallas Húmedas','Genérico','Toallas Húmedas de a',2,'KG',100,8.0,1),
('PRD-071','Champiñones en Lata','Camposol','Champiñones en Lata ',2,'KG',60,7.0,1),
('PRD-072','Café Instantáneo','Altomayo','Café Instantáneo de ',2,'L',80,18.0,1),
('PRD-073','Gaseosa Cola 1.5L','Inca Kola','Gaseosa Cola 1.5L de',2,'KG',130,4.0,1),
('PRD-074','Baterías AA','Duracell','Baterías AA de alta ',2,'KG',90,14.0,1),
('PRD-075','Helado de Vainilla','D''Onofrio','Helado de Vainilla d',3,'KG',40,10.0,1),
('PRD-076','Jabón Líquido','Protex','Jabón Líquido de alt',2,'L',110,6.0,1),
('PRD-077','Salchichas','San Fernando','Salchichas de alta c',1,'KG',65,10.0,1),
('PRD-078','Fósforos','Diana','Fósforos de alta cal',2,'KG',50,1.0,1),
('PRD-079','Aceitunas','Ibérico','Aceitunas de alta ca',2,'KG',75,8.0,1),
('PRD-080','Crema de Leche','Gloria','Crema de Leche enriq',1,'L',55,6.1,1),
('PRD-081','Té en Bolsas','Twinings','Té en Bolsas de alta',2,'KG',90,6.0,1),
('PRD-082','Lentejas','Genérico','Lentejas de alta cal',2,'KG',85,8.0,1),
('PRD-083','Mermelada de Durazno','Casa Verde','Mermelada de Durazno',2,'KG',60,7.0,1),
('PRD-084','Queso Parmesano','Laive','Queso Parmesano de a',1,'KG',40,12.0,1),
('PRD-085','Galletas de Arroz','Costeño','Galletas de Arroz de',2,'KG',70,5.0,1),
('PRD-086','Sardinas en Lata','Genérico','Sardinas en Lata de ',2,'KG',95,8.0,1),
('PRD-087','Cerveza Sin Alcohol','Cusqueña','Cerveza Sin Alcohol ',1,'L',120,6.0,1),
('PRD-088','Pan de Hamburguesa','Bimbo','Pan de Hamburguesa f',1,'KG',80,4.0,1),
('PRD-089','Mantequilla de Maní','Laive','Mantequilla de Maní ',2,'KG',50,8.0,1),
('PRD-090','Acondicionador','Genérico','Acondicionador de al',2,'KG',85,8.0,1),
('PRD-091','Salsa Picante','Alacena','Salsa Picante de alt',2,'L',65,4.0,1),
('PRD-092','Puré de Tomate','Genérico','Puré de Tomate de al',2,'KG',75,8.0,1),
('PRD-093','Jugo de Manzana','Gloria','Jugo de Manzana fort',1,'L',60,7.0,1),
('PRD-094','Cubitos de Caldo','Genérico','Cubitos de Caldo de ',2,'KG',100,8.0,1),
('PRD-095','Palillos de Dientes','Genérico','Palillos de Dientes ',2,'KG',120,8.0,1),
('PRD-096','Queso Crema','Laive','Queso Crema de alta ',1,'L',45,12.0,1),
('PRD-097','Harina de Maíz','Nicolini','Harina de Maíz de al',2,'KG',110,4.0,1),
('PRD-098','Pasta de Dientes','Don Vittorio','Pasta de Dientes de ',2,'KG',95,4.0,1),
('PRD-099','Almendras','Genérico','Almendras de alta ca',2,'KG',70,8.0,1),
('PRD-100','Agua con Gas','San Luis','Agua con Gas de alta',2,'L',150,2.5,1),
('PRD-101','Gelatina','Genérico','Gelatina de alta cal',2,'KG',80,8.0,1),
('PRD-102','Cerezas en Conserva','Genérico','Cerezas en Conserva ',2,'KG',65,8.0,1),
('PRD-103','Salsa de Soja','Alacena','Salsa de Soja de alt',2,'L',55,4.0,1),
('PRD-104','Pasta Larga','Don Vittorio','Pasta Larga de alta ',2,'KG',120,4.0,1),
('PRD-105','Leche de Almendras','Gloria','Leche de Almendras e',1,'L',70,6.1,1),
('PRD-106','Cuscús','Genérico','Cuscús de alta calid',2,'KG',60,8.0,1),
('PRD-107','Vinagre Balsámico','Santa María','Vinagre Balsámico de',2,'L',45,4.0,1),
('PRD-108','Pasta de Hígado','Don Vittorio','Pasta de Hígado de a',2,'KG',50,4.0,1),
('PRD-109','Masa para Pizza','Genérico','Masa para Pizza de a',1,'KG',40,8.0,1),
('PRD-110','Aceite de Coco','Genérico','Aceite de Coco extra',2,'L',65,8.0,1),
('PRD-111','Galletas de Mantequi','Field','Galletas de Mantequi',2,'KG',85,5.0,1),
('PRD-112','Sopa Instantánea','Maggi','Sopa Instantánea de ',2,'KG',75,1.5,1),
('PRD-113','Queso Azul','Laive','Queso Azul de alta c',1,'KG',30,12.0,1),
('PRD-114','Pasta de Curry','Don Vittorio','Pasta de Curry de al',2,'KG',55,4.0,1),
('PRD-115','Chocolate Negro','Winter''s','Chocolate Negro de a',2,'KG',90,9.0,1),
('PRD-116','Té Verde','Twinings','Té Verde de alta cal',2,'KG',70,6.0,1),
('PRD-117','Miel de Maple','Mishky','Miel de Maple de alt',2,'KG',60,20.0,1),
('PRD-118','Pasta de Tomate','Don Vittorio','Pasta de Tomate de a',2,'KG',80,4.0,1),
('PRD-119','Arroz Basmati','Costeño','Arroz Basmati de gra',2,'KG',95,5.0,1),
('PRD-120','Aceitunas Rellenas','Ibérico','Aceitunas Rellenas d',2,'KG',65,8.0,1),
('PRD-121','Mouse Inalámbrico','Genérico','Mouse Inalámbrico de',2,'KG',75,8.0,1),
('PRD-122','Teclado Gamer RGB','Genérico','Teclado Gamer RGB de',2,'KG',50,8.0,1),
('PRD-123','Lego Classic (1000 p','Genérico','Lego Classic (1000 p',2,'KG',90,8.0,1),
('PRD-124','Monitor 24" Full HD','Genérico','Monitor 24" Full HD ',2,'KG',30,8.0,1),
('PRD-125','Muñeca Barbie Colecc','Genérico','Muñeca Barbie Colecc',2,'KG',60,8.0,1),
('PRD-126','Disco Duro Externo 1','Genérico','Disco Duro Externo 1',2,'KG',85,8.0,1),
('PRD-127','Peluche Oso Gigante','Genérico','Peluche Oso Gigante ',2,'KG',110,8.0,0),
('PRD-128','Router Wi-Fi 5G','Genérico','Router Wi-Fi 5G de a',2,'KG',45,8.0,0),
('PRD-129','Juego de Mesa Scrabb','Genérico','Juego de Mesa Scrabb',2,'KG',70,8.0,0),
('PRD-130','Altavoz Bluetooth','Genérico','Altavoz Bluetooth de',2,'KG',95,8.0,0),
('PRD-131','Figura de Acción Mar','Genérico','Figura de Acción Mar',2,'KG',150,8.0,0),
('PRD-132','Cámara Web HD','Genérico','Cámara Web HD de alt',2,'KG',65,8.0,0),
('PRD-133','Puzzle 1000 Piezas','Genérico','Puzzle 1000 Piezas d',2,'KG',80,8.0,0),
('PRD-134','Memoria USB 64GB','Genérico','Memoria USB 64GB de ',2,'KG',200,8.0,0),
('PRD-135','Carro de Control Rem','Genérico','Carro de Control Rem',2,'KG',55,8.0,0),
('PRD-136','Libro de Colorear','Genérico','Libro de Colorear de',2,'KG',120,8.0,0),
('PRD-137','Cargador Inalámbrico','Genérico','Cargador Inalámbrico',2,'KG',90,8.0,0),
('PRD-138','Set de Bloques Magné','Genérico','Set de Bloques Magné',2,'KG',75,8.0,0),
('PRD-139','Reloj Inteligente','Genérico','Reloj Inteligente de',2,'KG',40,8.0,0),
('PRD-140','Dron con Cámara','Genérico','Dron con Cámara de a',2,'KG',25,8.0,0);
