create database SistemaGestorAlmacen;
use SistemaGestorAlmacen;

create table usuarios
(
	usuario varchar(20) PRIMARY KEY,
	contraseña VARCHAR(20)
);

insert into usuarios
values
	('admin', 'metro123'),
	('usuario1', 'clave123'),
	('ola', '123');

create table categoria
(
	id_categ int PRIMARY KEY,
	nombre_categ varchar(20),
	descrip_categ varchar(60)
);

create table productos
(
	id_prod varchar(20) PRIMARY KEY,
	nombre varchar(20),
	marca varchar(20),
	descrip varchar(60),
	id_categ int,
	unid_medida varchar(20),
	stock_prod int,
	precio_prod decimal(10,2),
	activo tinyint(1),
	FOREIGN KEY (id_categ) references categoria(id_categ)
);

create table lote
(
	id_lote varchar(20) PRIMARY KEY,
	cantidad_lote int,
	fecha_caducidad date,
	id_prod varchar(20),
	FOREIGN KEY (id_prod) references productos(id_prod)
);

insert into categoria
	(id_categ, nombre_categ, descrip_categ)
values
	(1, 'Refrigeración', 'Productos que se conservan a 0-4 °C'),
	(2, 'Almacén Seco', 'Mercancías de temperatura ambiente y baja humedad'),
	(3, 'Congelación', 'Alimentos que requieren -18 °C o menos'),
	(4, 'Otro', 'Categoría genérica sin requisitos especiales');

insert into productos
	(id_prod, nombre, marca, descrip, id_categ, unid_medida, stock_prod, precio_prod, activo)
values
	('PRD-001', 'Leche Entera', 'Gloria', 'Leche Entera enrique', 1, 'Lata', 120, 6.1, 1),
	('PRD-002', 'Arroz Integral', 'Costeño', 'Arroz Integral de gr', 2, 'Bolsa', 85, 5.0, 1),
	('PRD-003', 'Atún en Lata', 'Fanny', 'Atún en Lata de alta', 2, 'Lata', 200, 5.5, 1),
	('PRD-004', 'Aceite de Oliva', 'Carbonell', 'Aceite de Oliva extr', 2, 'Botella', 150, 23.0, 1),
	('PRD-005', 'Yogur Natural', 'Laive', 'Yogur Natural natura', 1, 'Botella', 90, 6.0, 1),
	('PRD-006', 'Harina de Trigo', 'Nicolini', 'Harina de Trigo de a', 2, 'Paquete', 110, 4.0, 1),
	('PRD-007', 'Queso Cheddar', 'Laive', 'Queso Cheddar de alt', 1, 'Paquete', 75, 12.0, 1),
	('PRD-008', 'Galletas de Avena', 'Field', 'Galletas de Avena de', 2, 'Sixpack', 180, 5.0, 1),
	('PRD-009', 'Jugo de Naranja', 'Gloria', 'Jugo de Naranja fort', 1, 'Botella', 60, 7.0, 1),
	('PRD-010', 'Pasta Spaghetti', 'Don Vittorio', 'Pasta Spaghetti de a', 2, 'Paquete', 200, 4.0, 1),
	('PRD-011', 'Mantequilla sin Sal', 'Laive', 'Mantequilla sin Sal ', 1, 'Paquete', 95, 8.0, 1),
	('PRD-012', 'Cereal de Maíz', 'Nestlé', 'Cereal de Maíz de al', 2, 'Caja', 120, 8.0, 1),
	('PRD-013', 'Salsa de Tomate', 'Alacena', 'Salsa de Tomate de a', 2, 'Paquete', 140, 4.0, 1),
	('PRD-014', 'Huevos', 'San Fernando', 'Huevos de alta calid', 1, 'Por Kilo', 300, 13.0, 1),
	('PRD-015', 'Pan Integral', 'Bimbo', 'Pan Integral fresco ', 1, 'Bolsa', 80, 4.0, 1),
	('PRD-016', 'Frijoles Negros', 'Pantera', 'Frijoles Negros de a', 2, 'Paquete', 160, 6.0, 1),
	('PRD-017', 'Jamón Cocido', 'San Fernando', 'Jamón Cocido de alta', 1, 'Paquete', 70, 12.0, 1),
	('PRD-018', 'Café Molido', 'Altomayo', 'Café Molido de alta ', 2, 'Frasco', 100, 18.0, 1),
	('PRD-019', 'Chocolate en Polvo', 'Winter''s', 'Chocolate en Polvo d', 2, 'Frasco', 90, 9.0, 1),
	('PRD-020', 'Agua Mineral', 'San Luis', 'Agua Mineral de alta', 2, 'Botella', 250, 2.5, 1),
	('PRD-021', 'Manzanas', 'Hortifrut', 'Manzanas de alta cal', 1, 'Por Kilo', 200, 4.0, 1),
	('PRD-022', 'Detergente Líquido', 'Ace', 'Detergente Líquido d', 2, 'Botella', 110, 15.0, 1),
	('PRD-023', 'Papel Higiénico', 'Elite', 'Papel Higiénico de a', 2, 'Paquete', 300, 20.0, 1),
	('PRD-024', 'Cerveza', 'Cusqueña', 'Cerveza de alta cali', 1, 'Sixpack', 180, 6.0, 1),
	('PRD-025', 'Shampoo', 'Sedal', 'Shampoo de alta cali', 2, 'Frasco', 150, 18.0, 1),
	('PRD-026', 'Cepillo de Dientes', 'Colgate', 'Cepillo de Dientes d', 2, 'Paquete', 200, 5.0, 1),
	('PRD-027', 'Mermelada de Fresa', 'Casa Verde', 'Mermelada de Fresa d', 2, 'Frasco', 95, 7.0, 1),
	('PRD-028', 'Sal de Mesa', 'Lobos', 'Sal de Mesa de alta ', 2, 'Paquete', 120, 2.0, 1),
	('PRD-029', 'Azúcar Blanca', 'Chavín', 'Azúcar Blanca de alt', 2, 'Bolsa', 180, 3.0, 1),
	('PRD-030', 'Vinagre de Manzana', 'Santa María', 'Vinagre de Manzana d', 2, 'Botella', 80, 4.0, 1),
	('PRD-031', 'Leche en Polvo', 'Gloria', 'Leche en Polvo enriq', 2, 'Paquete', 70, 6.1, 1),
	('PRD-032', 'Miel de Abeja', 'Mishky', 'Miel de Abeja de alt', 2, 'Frasco', 60, 20.0, 1),
	('PRD-033', 'Avena Instantánea', 'Quaker', 'Avena Instantánea de', 2, 'Paquete', 100, 4.0, 1),
	('PRD-034', 'Sopa Instantánea', 'Maggi', 'Sopa Instantánea de ', 2, 'Paquete', 150, 1.5, 1),
	('PRD-035', 'Refresco de Cola', 'Inca Kola', 'Refresco de Cola de ', 2, 'Botella', 220, 5.0, 1),
	('PRD-036', 'Chips de Papa', 'Lay''s', 'Chips de Papa de alt', 2, 'Bolsa', 130, 4.0, 1),
	('PRD-037', 'Helado de Vainilla', 'D''Onofrio', 'Helado de Vainilla d', 3, 'Frasco', 90, 10.0, 1),
	('PRD-038', 'Pescado Congelado', 'Seafood Perú', 'Pescado Congelado de', 3, 'Por Kilo', 75, 15.0, 1),
	('PRD-039', 'Jabón de Baño', 'Protex', 'Jabón de Baño de alt', 2, 'Sixpack', 180, 6.0, 1),
	('PRD-040', 'Toallas de Papel', 'Scott', 'Toallas de Papel de ', 2, 'Paquete', 200, 6.0, 1),
	('PRD-041', 'Cereal Infantil', 'Nestlé', 'Cereal Infantil de a', 2, 'Caja', 85, 8.0, 1),
	('PRD-042', 'Pañales', 'Pampers', 'Pañales de alta cali', 2, 'Paquete', 250, 40.0, 1),
	('PRD-043', 'Pasta Dental', 'Don Vittorio', 'Pasta Dental de alta', 2, 'Caja', 160, 4.0, 1),
	('PRD-044', 'Galletas Saladas', 'Field', 'Galletas Saladas de ', 2, 'Sixpack', 140, 5.0, 1),
	('PRD-045', 'Leche Condensada', 'Gloria', 'Leche Condensada enr', 2, 'Lata', 95, 6.1, 1),
	('PRD-046', 'Crema Corporal', 'Nivea', 'Crema Corporal de al', 2, 'Frasco', 120, 16.0, 1),
	('PRD-047', 'Desinfectante', 'Clorox', 'Desinfectante de alt', 2, 'Botella', 110, 8.0, 1),
	('PRD-048', 'Cuchillas de Afeitar', 'Gillette', 'Cuchillas de Afeitar', 2, 'Paquete', 90, 7.0, 1),
	('PRD-049', 'Carne Molida', 'Braedt', 'Carne Molida de alta', 3, 'Por Kilo', 65, 18.0, 1),
	('PRD-050', 'Pan de Molde', 'Bimbo', 'Pan de Molde fresco ', 1, 'Bolsa', 70, 4.0, 1),
	('PRD-051', 'Laptop Dell', 'Dell', 'Laptop Dell de alta ', 2, 'Caja', 10, 2800.0, 1),
	('PRD-052', 'Queso Edam', 'Laive', 'Queso Edam de alta c', 1, 'Paquete', 40, 12.0, 1),
	('PRD-053', 'Arroz Extra', 'Costeño', 'Arroz Extra de grano', 2, 'Bolsa', 120, 5.0, 1),
	('PRD-054', 'Pollo Entero', 'Genérico', 'Pollo Entero de alta', 3, 'Por Kilo', 35, 20.0, 1),
	('PRD-055', 'Leche Entera', 'Gloria', 'Leche Entera enrique', 1, 'Caja', 90, 6.1, 1),
	('PRD-056', 'Galletas de Chocolat', 'Field', 'Galletas de Chocolat', 2, 'Sixpack', 150, 5.0, 1),
	('PRD-057', 'Aceite Vegetal', 'Primor', 'Aceite Vegetal extra', 2, 'Botella', 100, 10.0, 1),
	('PRD-058', 'Atún en Lata', 'Fanny', 'Atún en Lata de alta', 2, 'Lata', 85, 5.5, 1),
	('PRD-059', 'Papel Higiénico', 'Elite', 'Papel Higiénico de a', 2, 'Paquete', 200, 20.0, 1),
	('PRD-060', 'Jugo de Naranja', 'Gloria', 'Jugo de Naranja fort', 1, 'Caja', 60, 7.0, 1),
	('PRD-061', 'Yogurt Natural', 'Laive', 'Yogurt Natural natur', 1, 'Botella', 50, 6.0, 1),
	('PRD-062', 'Cepillo de Dientes', 'Colgate', 'Cepillo de Dientes d', 2, 'Paquete', 80, 5.0, 1),
	('PRD-063', 'Detergente en Polvo', 'Ace', 'Detergente en Polvo ', 2, 'Bolsa', 75, 15.0, 1),
	('PRD-064', 'Pasta Dental', 'Don Vittorio', 'Pasta Dental de alta', 2, 'Caja', 90, 4.0, 1),
	('PRD-065', 'Cereal de Maíz', 'Nestlé', 'Cereal de Maíz de al', 2, 'Caja', 55, 8.0, 1),
	('PRD-066', 'Mantequilla', 'Laive', 'Mantequilla de alta ', 1, 'Paquete', 45, 8.0, 1),
	('PRD-067', 'Mayonesa', 'Genérico', 'Mayonesa de alta cal', 1, 'Paquete', 65, 8.0, 1),
	('PRD-068', 'Ketchup', 'Genérico', 'Ketchup de alta cali', 2, 'Paquete', 50, 8.0, 1),
	('PRD-069', 'Shampoo Anticaspa', 'Sedal', 'Shampoo Anticaspa de', 2, 'Frasco', 70, 18.0, 1),
	('PRD-070', 'Toallas Húmedas', 'Genérico', 'Toallas Húmedas de a', 2, 'Paquete', 100, 8.0, 1),
	('PRD-071', 'Champiñones en Lata', 'Camposol', 'Champiñones en Lata ', 2, 'Lata', 60, 7.0, 1),
	('PRD-072', 'Café Instantáneo', 'Altomayo', 'Café Instantáneo de ', 2, 'Frasco', 80, 18.0, 1),
	('PRD-073', 'Gaseosa Cola 1.5L', 'Inca Kola', 'Gaseosa Cola 1.5L de', 2, 'Botella', 130, 4.0, 1),
	('PRD-074', 'Baterías AA', 'Duracell', 'Baterías AA de alta ', 2, 'Paquete', 90, 14.0, 1),
	('PRD-075', 'Helado de Vainilla', 'D''Onofrio', 'Helado de Vainilla d', 3, 'Frasco', 40, 10.0, 1),
	('PRD-076', 'Jabón Líquido', 'Protex', 'Jabón Líquido de alt', 2, 'Frasco', 110, 6.0, 1),
	('PRD-077', 'Salchichas', 'San Fernando', 'Salchichas de alta c', 1, 'Paquete', 65, 10.0, 1),
	('PRD-078', 'Fósforos', 'Diana', 'Fósforos de alta cal', 2, 'Caja', 50, 1.0, 1),
	('PRD-079', 'Aceitunas', 'Ibérico', 'Aceitunas de alta ca', 2, 'Por Kilo', 75, 8.0, 1),
	('PRD-080', 'Crema de Leche', 'Gloria', 'Crema de Leche enriq', 1, 'Frasco', 55, 6.1, 1),
	('PRD-081', 'Té en Bolsas', 'Twinings', 'Té en Bolsas de alta', 2, 'Caja', 90, 6.0, 1),
	('PRD-082', 'Lentejas', 'Genérico', 'Lentejas de alta cal', 2, 'Paquete', 85, 8.0, 1),
	('PRD-083', 'Mermelada de Durazno', 'Casa Verde', 'Mermelada de Durazno', 2, 'Frasco', 60, 7.0, 1),
	('PRD-084', 'Queso Parmesano', 'Laive', 'Queso Parmesano de a', 1, 'Paquete', 40, 12.0, 1),
	('PRD-085', 'Galletas de Arroz', 'Costeño', 'Galletas de Arroz de', 2, 'Sixpack', 70, 5.0, 1),
	('PRD-086', 'Sardinas en Lata', 'Genérico', 'Sardinas en Lata de ', 2, 'Lata', 95, 8.0, 1),
	('PRD-087', 'Cerveza Sin Alcohol', 'Cusqueña', 'Cerveza Sin Alcohol ', 1, 'Sixpack', 120, 6.0, 1),
	('PRD-088', 'Pan de Hamburguesa', 'Bimbo', 'Pan de Hamburguesa f', 1, 'Bolsa', 80, 4.0, 1),
	('PRD-089', 'Mantequilla de Maní', 'Laive', 'Mantequilla de Maní ', 2, 'Frasco', 50, 8.0, 1),
	('PRD-090', 'Acondicionador', 'Genérico', 'Acondicionador de al', 2, 'Frasco', 85, 8.0, 1),
	('PRD-091', 'Salsa Picante', 'Alacena', 'Salsa Picante de alt', 2, 'Paquete', 65, 4.0, 1),
	('PRD-092', 'Puré de Tomate', 'Genérico', 'Puré de Tomate de al', 2, 'Frasco', 75, 8.0, 1),
	('PRD-093', 'Jugo de Manzana', 'Gloria', 'Jugo de Manzana fort', 1, 'Botella', 60, 7.0, 1),
	('PRD-094', 'Cubitos de Caldo', 'Genérico', 'Cubitos de Caldo de ', 2, 'Paquete', 100, 8.0, 1),
	('PRD-095', 'Palillos de Dientes', 'Genérico', 'Palillos de Dientes ', 2, 'Paquete', 120, 8.0, 1),
	('PRD-096', 'Queso Crema', 'Laive', 'Queso Crema de alta ', 1, 'Frasco', 45, 12.0, 1),
	('PRD-097', 'Harina de Maíz', 'Nicolini', 'Harina de Maíz de al', 2, 'Paquete', 110, 4.0, 1),
	('PRD-098', 'Pasta de Tomate', 'Don Vittorio', 'Pasta de Dientes de ', 2, 'Paquete', 95, 4.0, 1),
	('PRD-099', 'Almendras', 'Genérico', 'Almendras de alta ca', 2, 'Por Kilo', 70, 8.0, 1),
	('PRD-100', 'Agua con Gas', 'San Luis', 'Agua con Gas de alta', 2, 'Botella', 150, 2.5, 1),
	('PRD-101', 'Gelatina', 'Genérico', 'Gelatina de alta cal', 2, 'Paquete', 80, 8.0, 1),
	('PRD-102', 'Cerezas en Conserva', 'Genérico', 'Cerezas en Conserva ', 2, 'Lata', 65, 8.0, 1),
	('PRD-103', 'Mayonesa', 'Alacena', 'Salsa de Soja de alt', 2, 'Paquete', 55, 4.0, 1),
	('PRD-104', 'Pasta Larga', 'Don Vittorio', 'Pasta Larga de alta ', 2, 'Paquete', 120, 4.0, 1),
	('PRD-105', 'Leche de Almendras', 'Gloria', 'Leche de Almendras e', 1, 'Caja', 70, 6.1, 1),
	('PRD-106', 'Cuscús', 'Genérico', 'Cuscús de alta calid', 2, 'Bolsa', 60, 8.0, 1),
	('PRD-107', 'Vinagre Balsámico', 'Santa María', 'Vinagre Balsámico de', 2, 'Botella', 45, 4.0, 1),
	('PRD-108', 'Canelones', 'Don Vittorio', 'Pasta de Hígado de a', 2, 'Paquete', 50, 4.0, 1),
	('PRD-109', 'Masa para Pizza', 'Genérico', 'Masa para Pizza de a', 1, 'Bolsa', 40, 8.0, 1),
	('PRD-110', 'Aceite de Coco', 'Genérico', 'Aceite de Coco extra', 2, 'Botella', 65, 8.0, 1),
	('PRD-111', 'Galletas de Mantequi', 'Field', 'Galletas de Mantequi', 2, 'Sixpack', 85, 5.0, 1),
	('PRD-112', 'Sopa Instantánea', 'Maggi', 'Sopa Instantánea de ', 2, 'Paquete', 75, 1.5, 1),
	('PRD-113', 'Queso Azul', 'Laive', 'Queso Azul de alta c', 1, 'Paquete', 30, 12.0, 1),
	('PRD-114', 'Pasta de Curry', 'Don Vittorio', 'Pasta de Curry de al', 2, 'Frasco', 55, 4.0, 1),
	('PRD-115', 'Chocolate Negro', 'Winter''s', 'Chocolate Negro de a', 2, 'Frasco', 90, 9.0, 1),
	('PRD-116', 'Té Verde', 'Twinings', 'Té Verde de alta cal', 2, 'Caja', 70, 6.0, 1),
	('PRD-117', 'Miel de Maple', 'Mishky', 'Miel de Maple de alt', 2, 'Frasco', 60, 20.0, 1),
	('PRD-118', 'Pasta de Tomate', 'Don Vittorio', 'Pasta de Tomate de a', 2, 'Frasco', 80, 4.0, 1),
	('PRD-119', 'Arroz Basmati', 'Costeño', 'Arroz Basmati de gra', 2, 'Bolsa', 95, 5.0, 1),
	('PRD-120', 'Aceitunas Rellenas', 'Ibérico', 'Aceitunas Rellenas d', 2, 'Frasco', 65, 8.0, 1),
	('PRD-121', 'Mouse Inalámbrico', 'Genérico', 'Mouse Inalámbrico de', 2, 'Caja', 75, 8.0, 1),
	('PRD-122', 'Teclado Gamer RGB', 'Genérico', 'Teclado Gamer RGB de', 2, 'Caja', 50, 8.0, 1),
	('PRD-123', 'Lego Classic (1000 p', 'Genérico', 'Lego Classic (1000 p', 2, 'Caja', 90, 8.0, 1),
	('PRD-124', 'Monitor 24" Full HD', 'Genérico', 'Monitor 24" Full HD ', 2, 'Caja', 30, 8.0, 1),
	('PRD-125', 'Muñeca Barbie Colecc', 'Genérico', 'Muñeca Barbie Colecc', 2, 'Caja', 60, 8.0, 1),
	('PRD-126', 'Disco Duro Externo 1', 'Genérico', 'Disco Duro Externo 1', 2, 'Caja', 85, 8.0, 1),
	('PRD-127', 'Peluche Oso Gigante', 'Genérico', 'Peluche Oso Gigante ', 2, 'Bolsa', 110, 8.0, 0),
	('PRD-128', 'Router Wi-Fi 5G', 'Genérico', 'Router Wi-Fi 5G de a', 2, 'Caja', 45, 8.0, 0),
	('PRD-129', 'Juego de Mesa Scrabb', 'Genérico', 'Juego de Mesa Scrabb', 2, 'Caja', 70, 8.0, 0),
	('PRD-130', 'Altavoz Bluetooth', 'Genérico', 'Altavoz Bluetooth de', 2, 'Caja', 95, 8.0, 0),
	('PRD-131', 'Figura de Acción Mar', 'Genérico', 'Figura de Acción Mar', 2, 'Caja', 150, 8.0, 0),
	('PRD-132', 'Cámara Web HD', 'Genérico', 'Cámara Web HD de alt', 2, 'Caja', 65, 8.0, 0),
	('PRD-133', 'Puzzle 1000 Piezas', 'Genérico', 'Puzzle 1000 Piezas d', 2, 'Caja', 80, 8.0, 0),
	('PRD-134', 'Memoria USB 64GB', 'Genérico', 'Memoria USB 64GB de ', 2, 'Caja', 200, 8.0, 0),
	('PRD-135', 'Carro de Control Rem', 'Genérico', 'Carro de Control Rem', 2, 'Caja', 55, 8.0, 0),
	('PRD-136', 'Libro de Colorear', 'Genérico', 'Libro de Colorear de', 2, 'Bolsa', 120, 8.0, 0),
	('PRD-137', 'Cargador Inalámbrico', 'Genérico', 'Cargador Inalámbrico', 2, 'Caja', 90, 8.0, 0),
	('PRD-138', 'Set de Bloques Magné', 'Genérico', 'Set de Bloques Magné', 2, 'Caja', 75, 8.0, 0),
	('PRD-139', 'Reloj Inteligente', 'Genérico', 'Reloj Inteligente de', 2, 'Caja', 40, 8.0, 0),
	('PRD-140', 'Dron con Cámara', 'Genérico', 'Dron con Cámara de a', 2, 'Caja', 25, 8.0, 0);

insert into lote
	(id_lote, cantidad_lote, fecha_caducidad, id_prod)
values
	('LT-2025-03', '20', '2025-10-01', 'PRD-001'),
	('LT-2025-04', '25', '2025-11-03', 'PRD-001'),
	('LT-2025-05', '20', '2025-12-08', 'PRD-001'),
	('AR-2025-04', '20', '2026-07-04', 'PRD-002'),
	('AR-2025-06', '20', '2026-09-06', 'PRD-002'),
	('AT-2025-03', '20', '2027-03-01', 'PRD-003'),
	('AT-2025-05', '20', '2027-05-01', 'PRD-003'),
	('ATQ-2025-04', 18, '2025-04-19', 'PRD-126'),
	('ASP-2025-03', 28, '2025-03-21', 'PRD-018'),
	('NEM-2025-02', 24, '2025-02-17', 'PRD-071'),
	('QUA-2025-03', 45, '2025-03-18', 'PRD-117'),
	('PLA-2025-05', 17, '2025-05-11', 'PRD-063'),
	('EOS-2025-02', 39, '2025-02-21', 'PRD-080'),
	('OPT-2025-01', 21, '2025-01-18', 'PRD-085'),
	('COM-2025-01', 26, '2025-01-13', 'PRD-056'),
	('ASS-2025-01', 33, '2025-01-17', 'PRD-088'),
	('DOL-2025-01', 32, '2025-01-12', 'PRD-069'),
	('VIT-2025-01', 41, '2025-01-24', 'PRD-038'),
	('APE-2025-03', 29, '2025-03-11', 'PRD-123'),
	('LIB-2025-03', 15, '2025-03-12', 'PRD-044'),
	('REP-2025-05', 27, '2025-05-25', 'PRD-042'),
	('AX-2025-04', 36, '2025-04-17', 'PRD-008'),
	('REI-2025-05', 33, '2025-05-19', 'PRD-045'),
	('IMP-2025-04', 30, '2025-04-15', 'PRD-100'),
	('VEL-2025-03', 40, '2025-03-24', 'PRD-094'),
	('ASP-2025-02-1', 43, '2025-02-22', 'PRD-021'),
	('PAR-2025-04', 21, '2025-04-24', 'PRD-046'),
	('EAQ-2025-01', 18, '2025-01-15', 'PRD-099'),
	('EXP-2025-05', 25, '2025-05-16', 'PRD-133'),
	('CUP-2025-04', 44, '2025-04-12', 'PRD-051'),
	('QUI-2025-01', 49, '2025-01-23', 'PRD-108'),
	('MIN-2025-05', 37, '2025-05-23', 'PRD-082'),
	('COR-2025-02', 35, '2025-02-12', 'PRD-090'),
	('EXE-2025-05', 39, '2025-05-25', 'PRD-104'),
	('OFF-2025-04', 34, '2025-04-10', 'PRD-120'),
	('VEL-2025-04-1', 45, '2025-04-22', 'PRD-096'),
	('VEL-2025-05-2', 31, '2025-05-12', 'PRD-109'),
	('INV-2025-01', 50, '2025-01-12', 'PRD-086'),
	('NON-2025-01', 27, '2025-01-20', 'PRD-084'),
	('IST-2025-04', 29, '2025-04-23', 'PRD-127'),
	('MOL-2025-03', 15, '2025-03-19', 'PRD-091'),
	('INX-2025-04', 25, '2025-04-11', 'PRD-131'),
	('FAC-2025-04', 28, '2025-04-19', 'PRD-028'),
	('BLA-2025-01', 36, '2025-01-10', 'PRD-077'),
	('ILL-2025-02', 47, '2025-02-17', 'PRD-050'),
	('NEC-2025-05', 37, '2025-05-18', 'PRD-083'),
	('EUM-2025-01', 16, '2025-01-17', 'PRD-041'),
	('MIN-2025-04-1', 21, '2025-04-18', 'PRD-138'),
	('QUI-2025-02-1', 15, '2025-02-17', 'PRD-014'),
	('VOL-2025-01', 27, '2025-01-25', 'PRD-097'),
	('QUI-2025-01-2', 21, '2025-01-18', 'PRD-019'),
	('ACC-2025-01', 43, '2025-01-25', 'PRD-072'),
	('EXP-2025-04-1', 26, '2025-04-14', 'PRD-062'),
	('VOL-2025-05-1', 33, '2025-05-23', 'PRD-009'),
	('EAX-2025-04', 27, '2025-04-25', 'PRD-037'),
	('LAB-2025-04', 42, '2025-04-19', 'PRD-125'),
	('DIG-2025-04', 35, '2025-04-11', 'PRD-048'),
	('CON-2025-05', 34, '2025-05-14', 'PRD-049'),
	('CON-2025-05-1', 27, '2025-05-21', 'PRD-016'),
	('OPT-2025-02-1', 36, '2025-02-23', 'PRD-052'),
	('INV-2025-04-1', 36, '2025-04-21', 'PRD-129'),
	('ENI-2025-04', 25, '2025-04-17', 'PRD-017'),
	('ACC-2025-01-1', 34, '2025-01-10', 'PRD-105'),
	('EXP-2025-04-2', 48, '2025-04-25', 'PRD-110'),
	('ALI-2025-03', 25, '2025-03-23', 'PRD-128'),
	('ALI-2025-03-1', 40, '2025-03-20', 'PRD-023'),
	('OFF-2025-05-1', 42, '2025-05-12', 'PRD-113'),
	('FAC-2025-05-1', 37, '2025-05-13', 'PRD-047'),
	('FUG-2025-02', 28, '2025-02-19', 'PRD-058'),
	('NOS-2025-03', 25, '2025-03-13', 'PRD-119'),
	('CUM-2025-04', 48, '2025-04-23', 'PRD-024'),
	('CON-2025-04-2', 37, '2025-04-12', 'PRD-132'),
	('ALI-2025-04-2', 35, '2025-04-24', 'PRD-101'),
	('ANI-2025-05', 24, '2025-05-20', 'PRD-004'),
	('ERR-2025-01', 16, '2025-01-14', 'PRD-107'),
	('LAB-2025-04-1', 20, '2025-04-13', 'PRD-135'),
	('QUA-2025-03-1', 37, '2025-03-24', 'PRD-079'),
	('ADI-2025-05', 32, '2025-05-19', 'PRD-136'),
	('AX-2025-02-1', 36, '2025-02-13', 'PRD-140'),
	('QUO-2025-02', 38, '2025-02-22', 'PRD-057'),
	('DOL-2025-02-1', 21, '2025-02-11', 'PRD-073'),
	('COM-2025-04-1', 32, '2025-04-17', 'PRD-093'),
	('POR-2025-03', 41, '2025-03-13', 'PRD-087'),
	('NOS-2025-04-1', 32, '2025-04-16', 'PRD-095'),
	('DEL-2025-05', 20, '2025-05-18', 'PRD-029'),
	('QUI-2025-01-3', 35, '2025-01-18', 'PRD-075'),
	('LAB-2025-03-2', 20, '2025-03-12', 'PRD-130'),
	('ALI-2025-02-3', 26, '2025-02-20', 'PRD-081'),
	('POR-2025-03-1', 23, '2025-03-14', 'PRD-068'),
	('NUL-2025-03', 44, '2025-03-17', 'PRD-033'),
	('ANI-2025-04-1', 25, '2025-04-12', 'PRD-031'),
	('ASP-2025-01-2', 25, '2025-01-16', 'PRD-015'),
	('ODI-2025-05', 48, '2025-05-11', 'PRD-007'),
	('REP-2025-04-1', 32, '2025-04-17', 'PRD-012'),
	('ULL-2025-02', 29, '2025-02-16', 'PRD-112'),
	('AX-2025-03-2', 33, '2025-03-14', 'PRD-026'),
	('IPS-2025-03', 24, '2025-03-19', 'PRD-030'),
	('BLA-2025-05-1', 20, '2025-05-12', 'PRD-039'),
	('RER-2025-03', 36, '2025-03-18', 'PRD-061'),
	('SIM-2025-04', 40, '2025-04-14', 'PRD-066'),
	('TEN-2025-05', 23, '2025-05-21', 'PRD-074'),
	('ADX-2025-01', 31, '2025-01-22', 'PRD-010'),
	('TEM-2025-02', 17, '2025-02-12', 'PRD-032'),
	('NEQ-2025-04', 31, '2025-04-15', 'PRD-027'),
	('NEQ-2025-01-1', 22, '2025-01-12', 'PRD-027'),
	('MOL-2025-02-1', 49, '2025-02-13', 'PRD-067'),
	('MOL-2025-03-2', 38, '2025-03-11', 'PRD-067'),
	('EST-2025-01', 37, '2025-01-11', 'PRD-139'),
	('EST-2025-05-1', 37, '2025-05-19', 'PRD-139'),
	('NON-2025-02-1', 30, '2025-02-11', 'PRD-013'),
	('NON-2025-03-2', 40, '2025-03-10', 'PRD-013'),
	('COR-2025-04-1', 22, '2025-04-10', 'PRD-134'),
	('COR-2025-02-2', 47, '2025-02-14', 'PRD-134'),
	('IPS-2025-05-1', 37, '2025-05-21', 'PRD-020'),
	('IPS-2025-05-2', 15, '2025-05-14', 'PRD-020'),
	('ODI-2025-04-1', 44, '2025-04-20', 'PRD-078'),
	('ODI-2025-05-2', 48, '2025-05-20', 'PRD-078'),
	('REP-2025-04-2', 29, '2025-04-14', 'PRD-102'),
	('REP-2025-02-3', 48, '2025-02-20', 'PRD-102'),
	('DOL-2025-02-2', 17, '2025-02-13', 'PRD-089'),
	('DOL-2025-01-3', 38, '2025-01-18', 'PRD-089'),
	('QUI-2025-05-4', 16, '2025-05-17', 'PRD-111'),
	('QUI-2025-02-5', 41, '2025-02-17', 'PRD-111'),
	('QUA-2025-05-2', 40, '2025-05-16', 'PRD-005'),
	('QUA-2025-01-3', 24, '2025-01-15', 'PRD-005'),
	('POS-2025-05', 15, '2025-05-12', 'PRD-137'),
	('POS-2025-04-1', 27, '2025-04-23', 'PRD-137'),
	('DES-2025-03', 29, '2025-03-20', 'PRD-103'),
	('DES-2025-04-1', 30, '2025-04-14', 'PRD-103'),
	('TEM-2025-04-1', 41, '2025-04-25', 'PRD-106'),
	('TEM-2025-04-2', 21, '2025-04-22', 'PRD-106'),
	('IPS-2025-03-3', 26, '2025-03-11', 'PRD-070'),
	('IPS-2025-03-4', 46, '2025-03-18', 'PRD-070'),
	('COR-2025-03-3', 15, '2025-03-16', 'PRD-098'),
	('COR-2025-01-4', 48, '2025-01-11', 'PRD-098'),
	('VOL-2025-02-2', 32, '2025-02-14', 'PRD-116'),
	('VOL-2025-03-3', 43, '2025-03-10', 'PRD-116'),
	('ATX-2025-02', 45, '2025-02-17', 'PRD-035'),
	('ATX-2025-03-1', 24, '2025-03-12', 'PRD-035'),
	('NAM-2025-05', 40, '2025-05-11', 'PRD-022'),
	('NAM-2025-01-1', 23, '2025-01-17', 'PRD-022'),
	('FUG-2025-02-1', 18, '2025-02-19', 'PRD-054'),
	('FUG-2025-01-2', 23, '2025-01-15', 'PRD-054'),
	('VOL-2025-05-4', 49, '2025-05-11', 'PRD-025'),
	('VOL-2025-04-5', 32, '2025-04-25', 'PRD-025'),
	('HIC-2025-05', 30, '2025-05-15', 'PRD-115'),
	('HIC-2025-02-1', 16, '2025-02-21', 'PRD-115'),
	('DIC-2025-04', 26, '2025-04-18', 'PRD-011'),
	('DIC-2025-03-1', 26, '2025-03-18', 'PRD-011'),
	('QUO-2025-04-1', 27, '2025-04-10', 'PRD-040'),
	('QUO-2025-05-2', 49, '2025-05-11', 'PRD-040'),
	('ETX-2025-01', 40, '2025-01-16', 'PRD-114'),
	('ETX-2025-03-1', 36, '2025-03-19', 'PRD-114'),
	('NON-2025-04-3', 23, '2025-04-12', 'PRD-055'),
	('NON-2025-05-4', 47, '2025-05-11', 'PRD-055'),
	('SIN-2025-04', 49, '2025-04-21', 'PRD-043'),
	('SIN-2025-04-1', 36, '2025-04-18', 'PRD-043'),
	('ASP-2025-05-3', 44, '2025-05-10', 'PRD-034'),
	('ASP-2025-05-4', 38, '2025-05-21', 'PRD-034'),
	('ANI-2025-05-2', 44, '2025-05-13', 'PRD-118'),
	('ANI-2025-02-3', 33, '2025-02-23', 'PRD-118'),
	('ENI-2025-01-1', 48, '2025-01-17', 'PRD-053'),
	('ENI-2025-02-2', 29, '2025-02-21', 'PRD-053'),
	('TOT-2025-01', 16, '2025-01-22', 'PRD-036'),
	('TOT-2025-03-1', 47, '2025-03-22', 'PRD-036'),
	('TOT-2025-03-2', 32, '2025-03-25', 'PRD-092'),
	('TOT-2025-05-3', 26, '2025-05-21', 'PRD-092'),
	('INV-2025-04-2', 38, '2025-04-20', 'PRD-076'),
	('INV-2025-01-3', 50, '2025-01-22', 'PRD-076'),
	('NEM-2025-03-1', 44, '2025-03-20', 'PRD-065'),
	('NEM-2025-02-2', 36, '2025-02-18', 'PRD-065'),
	('ATX-2025-01-2', 15, '2025-01-15', 'PRD-059'),
	('ATX-2025-01-3', 25, '2025-01-20', 'PRD-059'),
	('QUA-2025-05-4', 44, '2025-05-11', 'PRD-121'),
	('QUA-2025-03-5', 44, '2025-03-20', 'PRD-121'),
	('INX-2025-03-1', 15, '2025-03-21', 'PRD-122'),
	('INX-2025-02-2', 43, '2025-02-10', 'PRD-122'),
	('NOS-2025-04-2', 48, '2025-04-20', 'PRD-060'),
	('NOS-2025-04-3', 39, '2025-04-24', 'PRD-060'),
	('NUM-2025-03', 40, '2025-03-13', 'PRD-006'),
	('NUM-2025-03-1', 18, '2025-03-11', 'PRD-006'),
	('CON-2025-02-3', 18, '2025-02-17', 'PRD-064'),
	('CON-2025-01-4', 41, '2025-01-13', 'PRD-064'),
	('ADI-2025-05-1', 48, '2025-05-20', 'PRD-124'),
	('ADI-2025-02-2', 47, '2025-02-17', 'PRD-124');
    